,Paper_Exp_ID,Behavior,Variable,Human Answer,GPT Answer,GPT Cost
0,A_55,change in address,behavior_priority,secondary,none,0.05576999999999999
1,A_55,change in address,behavior_focal,not,Vaccination uptake/focal,0.04512
2,A_55,change in address,behavior_focal_estimate,Exact,Estimate,0.04503
3,A_55,change in address,behavior_metric,categorical,"The text does not provide information on the variable ""change in address.""",0.04767
4,A_55,change in address,behavior_selfreport,N,N,0.04305
5,A_55,change in address,financial_reqt,No,No,0.03591
6,A_55,change in address,travel_reqt,No,No,0.02766
7,A_55,change in address,planning_reqt,No,No,0.04116
8,A_55,change in address,location_reqt,No,No,0.02904
9,A_55,change in address,timing_reqt,No,No,0.06227999999999999
10,A_55,change in address,prosociality,No,Unclear,0.03978
11,A_55,change in address,delay,Unclear,Yes,0.03933
12,A_55,change in address,authority,No,Unclear,0.023459999999999998
13,A_55,lodgment,behavior_priority,primary,none,0.05574
14,A_55,lodgment,behavior_focal,focal,Behavior 1/focal,0.04503
15,A_55,lodgment,behavior_focal_estimate,Exact,Exact,0.044939999999999994
16,A_55,lodgment,behavior_metric,categorical,The text does not provide information on a behavioral outcome named lodgment.,0.04764
17,A_55,lodgment,behavior_selfreport,N,N,0.043019999999999996
18,A_55,lodgment,financial_reqt,Yes,No,0.035879999999999995
19,A_55,lodgment,travel_reqt,No,No,0.027630000000000002
20,A_55,lodgment,planning_reqt,Yes,No,0.04223999999999999
21,A_55,lodgment,location_reqt,No,Unclear,0.029069999999999995
22,A_55,lodgment,timing_reqt,Yes,Yes,0.06224999999999999
23,A_55,lodgment,prosociality,Yes,Unclear,0.03975
24,A_55,lodgment,delay,Unclear,Unclear,0.03936
25,A_55,lodgment,authority,Yes,Unclear,0.02343
26,A_55,myGov registration,behavior_priority,secondary,none,0.05576999999999999
27,A_55,myGov registration,behavior_focal,not,Vaccination uptake/focal,0.04512
28,A_55,myGov registration,behavior_focal_estimate,Exact,Estimate,0.04503
29,A_55,myGov registration,behavior_metric,categorical,categorical,0.04692
30,A_55,myGov registration,behavior_selfreport,N,N,0.04305
31,A_55,myGov registration,financial_reqt,No,Unclear,0.03597
32,A_55,myGov registration,travel_reqt,No,No,0.02766
33,A_55,myGov registration,planning_reqt,Unclear,No,0.042269999999999995
34,A_55,myGov registration,location_reqt,No,Unclear,0.029099999999999997
35,A_55,myGov registration,timing_reqt,No,No,0.06227999999999999
36,A_55,myGov registration,prosociality,No,Unclear,0.04671
37,A_55,myGov registration,delay,Unclear,Unclear,0.03939
38,A_55,myGov registration,authority,No,Unclear,0.023459999999999998
39,A_55,number of days to lodgement,behavior_priority,secondary,none,0.05586
40,A_55,number of days to lodgement,behavior_focal,not,Vaccination uptake/focal,0.04521
41,A_55,number of days to lodgement,behavior_focal_estimate,Exact,Estimate,0.04512
42,A_55,number of days to lodgement,behavior_metric,continuous,continuous,0.04694999999999999
43,A_55,number of days to lodgement,behavior_selfreport,N,N,0.04313999999999999
44,A_55,number of days to lodgement,financial_reqt,Yes,Unclear,0.03606
45,A_55,number of days to lodgement,travel_reqt,No,Unclear,0.027809999999999998
46,A_55,number of days to lodgement,planning_reqt,Yes,Unclear,0.04242
47,A_55,number of days to lodgement,location_reqt,No,Unclear,0.029189999999999997
48,A_55,number of days to lodgement,timing_reqt,Yes,Yes,0.062369999999999995
49,A_55,number of days to lodgement,prosociality,Yes,Unclear,0.03987
50,A_55,number of days to lodgement,delay,Unclear,Unclear,0.03948
51,A_55,number of days to lodgement,authority,Yes,Unclear,0.023549999999999998
52,A_55,number of inbound calls,behavior_priority,secondary,none,0.055799999999999995
53,A_55,number of inbound calls,behavior_focal,not,Behavior 1/focal,0.045090000000000005
54,A_55,number of inbound calls,behavior_focal_estimate,Exact,Estimate,0.04506
55,A_55,number of inbound calls,behavior_metric,continuous,continuous,0.046889999999999994
56,A_55,number of inbound calls,behavior_selfreport,N,N,0.04307999999999999
57,A_55,number of inbound calls,financial_reqt,No,Unclear,0.036
58,A_55,number of inbound calls,travel_reqt,No,No,0.027690000000000003
59,A_55,number of inbound calls,planning_reqt,No,Unclear,0.042359999999999995
60,A_55,number of inbound calls,location_reqt,No,No,0.02907
61,A_55,number of inbound calls,timing_reqt,No,No,0.06231
62,A_55,number of inbound calls,prosociality,No,Unclear,0.03981
63,A_55,number of inbound calls,delay,Unclear,Unclear,0.039420000000000004
64,A_55,number of inbound calls,authority,No,Unclear,0.023489999999999997
65,A_55,use of MyTax,behavior_priority,secondary,none,0.055799999999999995
66,A_55,use of MyTax,behavior_focal,not,Vaccination uptake/focal,0.04515
67,A_55,use of MyTax,behavior_focal_estimate,Exact,Estimate,0.04506
68,A_55,use of MyTax,behavior_metric,categorical,continuous,0.046889999999999994
69,A_55,use of MyTax,behavior_selfreport,N,N,0.04307999999999999
70,A_55,use of MyTax,financial_reqt,No,Unclear,0.036
71,A_55,use of MyTax,travel_reqt,No,No,0.027690000000000003
72,A_55,use of MyTax,planning_reqt,Yes,Unclear,0.042359999999999995
73,A_55,use of MyTax,location_reqt,No,No,0.02907
74,A_55,use of MyTax,timing_reqt,No,Yes,0.06231
75,A_55,use of MyTax,prosociality,No,Unclear,0.046740000000000004
76,A_55,use of MyTax,delay,Unclear,Unclear,0.039420000000000004
77,A_55,use of MyTax,authority,No,Unclear,0.023489999999999997
78,A_62,Amount automatically saved at t<U+202F>=<U+202F>13 weeks,behavior_priority,secondary,none,0.05622
79,A_62,Amount automatically saved at t<U+202F>=<U+202F>13 weeks,behavior_focal,not,Behavior 1/focal,0.045509999999999995
80,A_62,Amount automatically saved at t<U+202F>=<U+202F>13 weeks,behavior_focal_estimate,Estimate,Estimate,0.04548
81,A_62,Amount automatically saved at t<U+202F>=<U+202F>13 weeks,behavior_metric,continuous,continuous,0.04731
82,A_62,Amount automatically saved at t<U+202F>=<U+202F>13 weeks,behavior_selfreport,N,N,0.0435
83,A_62,Amount automatically saved at t<U+202F>=<U+202F>13 weeks,financial_reqt,Yes,Unclear,0.03018
84,A_62,Amount automatically saved at t<U+202F>=<U+202F>13 weeks,travel_reqt,No,No,0.02136
85,A_62,Amount automatically saved at t<U+202F>=<U+202F>13 weeks,planning_reqt,Yes,Unclear,0.03666
86,A_62,Amount automatically saved at t<U+202F>=<U+202F>13 weeks,location_reqt,No,No,0.02949
87,A_62,Amount automatically saved at t<U+202F>=<U+202F>13 weeks,timing_reqt,No,No,0.06273000000000001
88,A_62,Amount automatically saved at t<U+202F>=<U+202F>13 weeks,prosociality,No,Unclear,0.05571
89,A_62,Amount automatically saved at t<U+202F>=<U+202F>13 weeks,delay,Yes,Yes,0.0486
90,A_62,Amount automatically saved at t<U+202F>=<U+202F>13 weeks,authority,No,Unclear,0.023909999999999997
91,A_62,Amount automatically saved at t<U+202F>=<U+202F>38 weeks,behavior_priority,secondary,none,0.05622
92,A_62,Amount automatically saved at t<U+202F>=<U+202F>38 weeks,behavior_focal,not,Behavior 1/focal,0.045509999999999995
93,A_62,Amount automatically saved at t<U+202F>=<U+202F>38 weeks,behavior_focal_estimate,Estimate,Estimate,0.04548
94,A_62,Amount automatically saved at t<U+202F>=<U+202F>38 weeks,behavior_metric,continuous,continuous,0.04731
95,A_62,Amount automatically saved at t<U+202F>=<U+202F>38 weeks,behavior_selfreport,N,No,0.0435
96,A_62,Amount automatically saved at t<U+202F>=<U+202F>38 weeks,financial_reqt,Yes,Unclear,0.03018
97,A_62,Amount automatically saved at t<U+202F>=<U+202F>38 weeks,travel_reqt,No,No,0.02136
98,A_62,Amount automatically saved at t<U+202F>=<U+202F>38 weeks,planning_reqt,Yes,Unclear,0.03666
99,A_62,Amount automatically saved at t<U+202F>=<U+202F>38 weeks,location_reqt,No,No,0.02949
100,A_62,Amount automatically saved at t<U+202F>=<U+202F>38 weeks,timing_reqt,No,No,0.06273000000000001
101,A_62,Amount automatically saved at t<U+202F>=<U+202F>38 weeks,prosociality,No,Unclear,0.05571
102,A_62,Amount automatically saved at t<U+202F>=<U+202F>38 weeks,delay,Yes,Yes,0.0486
103,A_62,Amount automatically saved at t<U+202F>=<U+202F>38 weeks,authority,No,Unclear,0.023909999999999997
104,A_62,Amount automatically saved at t<U+202F>=<U+202F>4 weeks,behavior_priority,secondary,none,0.05622
105,A_62,Amount automatically saved at t<U+202F>=<U+202F>4 weeks,behavior_focal,not,Behavior 1/focal,0.045509999999999995
106,A_62,Amount automatically saved at t<U+202F>=<U+202F>4 weeks,behavior_focal_estimate,Estimate,Estimate,0.04548
107,A_62,Amount automatically saved at t<U+202F>=<U+202F>4 weeks,behavior_metric,continuous,continuous,0.04731
108,A_62,Amount automatically saved at t<U+202F>=<U+202F>4 weeks,behavior_selfreport,N,N,0.0435
109,A_62,Amount automatically saved at t<U+202F>=<U+202F>4 weeks,financial_reqt,Yes,Unclear,0.03018
110,A_62,Amount automatically saved at t<U+202F>=<U+202F>4 weeks,travel_reqt,No,No,0.02136
111,A_62,Amount automatically saved at t<U+202F>=<U+202F>4 weeks,planning_reqt,Yes,Unclear,0.03666
112,A_62,Amount automatically saved at t<U+202F>=<U+202F>4 weeks,location_reqt,No,No,0.02949
113,A_62,Amount automatically saved at t<U+202F>=<U+202F>4 weeks,timing_reqt,No,No,0.06273000000000001
114,A_62,Amount automatically saved at t<U+202F>=<U+202F>4 weeks,prosociality,No,Unclear,0.05571
115,A_62,Amount automatically saved at t<U+202F>=<U+202F>4 weeks,delay,Yes,Yes,0.0486
116,A_62,Amount automatically saved at t<U+202F>=<U+202F>4 weeks,authority,No,Unclear,0.023909999999999997
117,A_62,Automatic transaction at t<U+202F>=<U+202F>13 weeks,behavior_priority,secondary,none,0.05619
118,A_62,Automatic transaction at t<U+202F>=<U+202F>13 weeks,behavior_focal,not,Behavior 1/focal,0.04548
119,A_62,Automatic transaction at t<U+202F>=<U+202F>13 weeks,behavior_focal_estimate,Estimate,Estimate,0.04545
120,A_62,Automatic transaction at t<U+202F>=<U+202F>13 weeks,behavior_metric,categorical,"The text does not provide information on the nature of the behavioral variable ""Automatic transaction at t<U+202F>=<U+202F>13 weeks.""",0.04917
121,A_62,Automatic transaction at t<U+202F>=<U+202F>13 weeks,behavior_selfreport,N,N,0.043469999999999995
122,A_62,Automatic transaction at t<U+202F>=<U+202F>13 weeks,financial_reqt,Yes,Unclear,0.030149999999999993
123,A_62,Automatic transaction at t<U+202F>=<U+202F>13 weeks,travel_reqt,No,No,0.02133
124,A_62,Automatic transaction at t<U+202F>=<U+202F>13 weeks,planning_reqt,Yes,Unclear,0.03663
125,A_62,Automatic transaction at t<U+202F>=<U+202F>13 weeks,location_reqt,No,Unclear,0.029519999999999998
126,A_62,Automatic transaction at t<U+202F>=<U+202F>13 weeks,timing_reqt,No,Unclear,0.06276
127,A_62,Automatic transaction at t<U+202F>=<U+202F>13 weeks,prosociality,No,Unclear,0.05568
128,A_62,Automatic transaction at t<U+202F>=<U+202F>13 weeks,delay,Yes,Unclear,0.04863
129,A_62,Automatic transaction at t<U+202F>=<U+202F>13 weeks,authority,No,Unclear,0.02388
130,A_62,Automatic transaction at t<U+202F>=<U+202F>38 weeks,behavior_priority,secondary,"The text does not provide information on the behavioral outcome labeled as ""Automatic transaction at t<U+202F>=<U+202F>38 weeks.""",0.05799
131,A_62,Automatic transaction at t<U+202F>=<U+202F>38 weeks,behavior_focal,not,Intention 1/ focal,0.04554
132,A_62,Automatic transaction at t<U+202F>=<U+202F>38 weeks,behavior_focal_estimate,Estimate,Estimate,0.04545
133,A_62,Automatic transaction at t<U+202F>=<U+202F>38 weeks,behavior_metric,categorical,continuous,0.047279999999999996
134,A_62,Automatic transaction at t<U+202F>=<U+202F>38 weeks,behavior_selfreport,N,N,0.043469999999999995
135,A_62,Automatic transaction at t<U+202F>=<U+202F>38 weeks,financial_reqt,Yes,Unclear,0.030149999999999993
136,A_62,Automatic transaction at t<U+202F>=<U+202F>38 weeks,travel_reqt,No,No,0.02133
137,A_62,Automatic transaction at t<U+202F>=<U+202F>38 weeks,planning_reqt,Yes,Unclear,0.03663
138,A_62,Automatic transaction at t<U+202F>=<U+202F>38 weeks,location_reqt,No,Unclear,0.029519999999999998
139,A_62,Automatic transaction at t<U+202F>=<U+202F>38 weeks,timing_reqt,No,Unclear,0.06276
140,A_62,Automatic transaction at t<U+202F>=<U+202F>38 weeks,prosociality,No,Unclear,0.05568
141,A_62,Automatic transaction at t<U+202F>=<U+202F>38 weeks,delay,Yes,Unclear,0.04863
142,A_62,Automatic transaction at t<U+202F>=<U+202F>38 weeks,authority,No,Unclear,0.02388
143,A_62,Automatic transaction at t<U+202F>=<U+202F>4 weeks,behavior_priority,secondary,none,0.05619
144,A_62,Automatic transaction at t<U+202F>=<U+202F>4 weeks,behavior_focal,not,Behavior 1/focal,0.04548
145,A_62,Automatic transaction at t<U+202F>=<U+202F>4 weeks,behavior_focal_estimate,Estimate,Estimate,0.04545
146,A_62,Automatic transaction at t<U+202F>=<U+202F>4 weeks,behavior_metric,categorical,"The text does not provide information on whether the behavioral outcome ""Automatic transaction at t<U+202F>=<U+202F>4 weeks"" is categorical or continuous.",0.04935
147,A_62,Automatic transaction at t<U+202F>=<U+202F>4 weeks,behavior_selfreport,N,N,0.043469999999999995
148,A_62,Automatic transaction at t<U+202F>=<U+202F>4 weeks,financial_reqt,Yes,Unclear,0.030149999999999993
149,A_62,Automatic transaction at t<U+202F>=<U+202F>4 weeks,travel_reqt,No,No,0.02133
150,A_62,Automatic transaction at t<U+202F>=<U+202F>4 weeks,planning_reqt,Yes,Unclear,0.03663
151,A_62,Automatic transaction at t<U+202F>=<U+202F>4 weeks,location_reqt,No,Unclear,0.029519999999999998
152,A_62,Automatic transaction at t<U+202F>=<U+202F>4 weeks,timing_reqt,No,Unclear,0.06276
153,A_62,Automatic transaction at t<U+202F>=<U+202F>4 weeks,prosociality,No,Unclear,0.05568
154,A_62,Automatic transaction at t<U+202F>=<U+202F>4 weeks,delay,Yes,Unclear,0.04863
155,A_62,Automatic transaction at t<U+202F>=<U+202F>4 weeks,authority,No,Unclear,0.02388
156,A_62,Total buffer savings at t<U+202F>=<U+202F>13 weeks,behavior_priority,primary,none,0.05622
157,A_62,Total buffer savings at t<U+202F>=<U+202F>13 weeks,behavior_focal,not,Behavior 1/focal,0.045509999999999995
158,A_62,Total buffer savings at t<U+202F>=<U+202F>13 weeks,behavior_focal_estimate,Estimate,Estimate,0.04548
159,A_62,Total buffer savings at t<U+202F>=<U+202F>13 weeks,behavior_metric,continuous,continuous,0.04734
160,A_62,Total buffer savings at t<U+202F>=<U+202F>13 weeks,behavior_selfreport,N,N,0.0435
161,A_62,Total buffer savings at t<U+202F>=<U+202F>13 weeks,financial_reqt,Yes,Unclear,0.03018
162,A_62,Total buffer savings at t<U+202F>=<U+202F>13 weeks,travel_reqt,No,No,0.02136
163,A_62,Total buffer savings at t<U+202F>=<U+202F>13 weeks,planning_reqt,Yes,Unclear,0.03666
164,A_62,Total buffer savings at t<U+202F>=<U+202F>13 weeks,location_reqt,No,No,0.02949
165,A_62,Total buffer savings at t<U+202F>=<U+202F>13 weeks,timing_reqt,No,No,0.06273000000000001
166,A_62,Total buffer savings at t<U+202F>=<U+202F>13 weeks,prosociality,No,Unclear,0.05571
167,A_62,Total buffer savings at t<U+202F>=<U+202F>13 weeks,delay,Yes,Yes,0.0486
168,A_62,Total buffer savings at t<U+202F>=<U+202F>13 weeks,authority,No,Unclear,0.023909999999999997
169,A_62,Total buffer savings at t<U+202F>=<U+202F>38 weeks,behavior_priority,primary,none,0.05622
170,A_62,Total buffer savings at t<U+202F>=<U+202F>38 weeks,behavior_focal,not,Behavior 1/focal,0.045509999999999995
171,A_62,Total buffer savings at t<U+202F>=<U+202F>38 weeks,behavior_focal_estimate,Estimate,Estimate,0.04548
172,A_62,Total buffer savings at t<U+202F>=<U+202F>38 weeks,behavior_metric,continuous,continuous,0.04731
173,A_62,Total buffer savings at t<U+202F>=<U+202F>38 weeks,behavior_selfreport,N,N,0.0435
174,A_62,Total buffer savings at t<U+202F>=<U+202F>38 weeks,financial_reqt,Yes,Unclear,0.03018
175,A_62,Total buffer savings at t<U+202F>=<U+202F>38 weeks,travel_reqt,No,No,0.02136
176,A_62,Total buffer savings at t<U+202F>=<U+202F>38 weeks,planning_reqt,Yes,Unclear,0.03666
177,A_62,Total buffer savings at t<U+202F>=<U+202F>38 weeks,location_reqt,No,No,0.02949
178,A_62,Total buffer savings at t<U+202F>=<U+202F>38 weeks,timing_reqt,No,No,0.06273000000000001
179,A_62,Total buffer savings at t<U+202F>=<U+202F>38 weeks,prosociality,No,Unclear,0.05571
180,A_62,Total buffer savings at t<U+202F>=<U+202F>38 weeks,delay,Yes,Yes,0.0486
181,A_62,Total buffer savings at t<U+202F>=<U+202F>38 weeks,authority,No,Unclear,0.023909999999999997
182,A_62,Total buffer savings at t<U+202F>=<U+202F>4 weeks,behavior_priority,primary,none,0.05622
183,A_62,Total buffer savings at t<U+202F>=<U+202F>4 weeks,behavior_focal,focal,Behavior 1/focal,0.045509999999999995
184,A_62,Total buffer savings at t<U+202F>=<U+202F>4 weeks,behavior_focal_estimate,Estimate,Estimate,0.04548
185,A_62,Total buffer savings at t<U+202F>=<U+202F>4 weeks,behavior_metric,continuous,"The text does not provide information on the nature of the behavioral variable ""Total buffer savings at t<U+202F>=<U+202F>4 weeks.""",0.049260000000000005
186,A_62,Total buffer savings at t<U+202F>=<U+202F>4 weeks,behavior_selfreport,N,N,0.0435
187,A_62,Total buffer savings at t<U+202F>=<U+202F>4 weeks,financial_reqt,Yes,Unclear,0.03018
188,A_62,Total buffer savings at t<U+202F>=<U+202F>4 weeks,travel_reqt,No,No,0.02136
189,A_62,Total buffer savings at t<U+202F>=<U+202F>4 weeks,planning_reqt,Yes,Unclear,0.03666
190,A_62,Total buffer savings at t<U+202F>=<U+202F>4 weeks,location_reqt,No,No,0.02949
191,A_62,Total buffer savings at t<U+202F>=<U+202F>4 weeks,timing_reqt,No,No,0.06273000000000001
192,A_62,Total buffer savings at t<U+202F>=<U+202F>4 weeks,prosociality,No,Unclear,0.05571
193,A_62,Total buffer savings at t<U+202F>=<U+202F>4 weeks,delay,Yes,Yes,0.0486
194,A_62,Total buffer savings at t<U+202F>=<U+202F>4 weeks,authority,No,Unclear,0.023909999999999997
195,A_62,click rate - email opt out,behavior_priority,secondary,none,0.05586
196,A_62,click rate - email opt out,behavior_focal,not,Behavior 1/focal,0.04515
197,A_62,click rate - email opt out,behavior_focal_estimate,Estimate,Estimate,0.04512
198,A_62,click rate - email opt out,behavior_metric,categorical,categorical,0.047009999999999996
199,A_62,click rate - email opt out,behavior_selfreport,N,N,0.04313999999999999
200,A_62,click rate - email opt out,financial_reqt,No,Unclear,0.029819999999999996
201,A_62,click rate - email opt out,travel_reqt,No,No,0.020999999999999998
202,A_62,click rate - email opt out,planning_reqt,No,No,0.036239999999999994
203,A_62,click rate - email opt out,location_reqt,No,No,0.02913
204,A_62,click rate - email opt out,timing_reqt,No,No,0.062369999999999995
205,A_62,click rate - email opt out,prosociality,No,Unclear,0.055349999999999996
206,A_62,click rate - email opt out,delay,No,Unclear,0.0483
207,A_62,click rate - email opt out,authority,No,Unclear,0.023549999999999998
208,A_62,click rate - personalized website,behavior_priority,secondary,secondary,0.05583
209,A_62,click rate - personalized website,behavior_focal,not,"Vaccination uptake, focal",0.04518
210,A_62,click rate - personalized website,behavior_focal_estimate,Estimate,Estimate,0.045090000000000005
211,A_62,click rate - personalized website,behavior_metric,categorical,continuous,0.046919999999999996
212,A_62,click rate - personalized website,behavior_selfreport,N,N,0.043109999999999996
213,A_62,click rate - personalized website,financial_reqt,No,Unclear,0.029789999999999997
214,A_62,click rate - personalized website,travel_reqt,No,No,0.02097
215,A_62,click rate - personalized website,planning_reqt,No,No,0.03621
216,A_62,click rate - personalized website,location_reqt,No,No,0.029099999999999997
217,A_62,click rate - personalized website,timing_reqt,No,No,0.06234
218,A_62,click rate - personalized website,prosociality,No,Unclear,0.05532
219,A_62,click rate - personalized website,delay,No,Unclear,0.04827
220,A_62,click rate - personalized website,authority,No,Unclear,0.02352
221,A_87,Appointment link click,behavior_priority,secondary,secondary,0.06227999999999999
222,A_87,Appointment link click,behavior_focal,not,"Behavior 1 (Did the participant get a first shot of a COVID-19 vaccine within the first month after the vaccine became available to him/her?), focal",0.06659999999999999
223,A_87,Appointment link click,behavior_focal_estimate,Estimate,Estimate,0.04065
224,A_87,Appointment link click,behavior_metric,categorical,categorical,0.061410000000000006
225,A_87,Appointment link click,behavior_selfreport,N,N,0.04463999999999999
226,A_87,Appointment link click,financial_reqt,No,No,0.03527999999999999
227,A_87,Appointment link click,travel_reqt,No,No,0.021179999999999997
228,A_87,Appointment link click,planning_reqt,No,No,0.04175999999999999
229,A_87,Appointment link click,location_reqt,No,No,0.02067
230,A_87,Appointment link click,timing_reqt,Yes,No,0.052289999999999996
231,A_87,Appointment link click,prosociality,No,Yes,0.052379999999999996
232,A_87,Appointment link click,delay,Yes,Unclear,0.04467
233,A_87,Appointment link click,authority,No,Unclear,0.04764
234,A_87,Days to vaccination,behavior_priority,secondary,secondary,0.06227999999999999
235,A_87,Days to vaccination,behavior_focal,not,"Behavior 1 (Did the participant get a first shot of a COVID-19 vaccine within the first month after the vaccine became available to him/her?), focal",0.06659999999999999
236,A_87,Days to vaccination,behavior_focal_estimate,Estimate,Estimate,0.04065
237,A_87,Days to vaccination,behavior_metric,continuous,continuous,0.06135
238,A_87,Days to vaccination,behavior_selfreport,N,N,0.04463999999999999
239,A_87,Days to vaccination,financial_reqt,No,No,0.03527999999999999
240,A_87,Days to vaccination,travel_reqt,Yes,Unclear,0.021239999999999995
241,A_87,Days to vaccination,planning_reqt,Yes,Unclear,0.041819999999999996
242,A_87,Days to vaccination,location_reqt,Yes,Unclear,0.02073
243,A_87,Days to vaccination,timing_reqt,Yes,No,0.052289999999999996
244,A_87,Days to vaccination,prosociality,Yes,Yes,0.052379999999999996
245,A_87,Days to vaccination,delay,Yes,"The text does not provide information on the behavioral outcome named ""Days to vaccination.""",0.04551
246,A_87,Days to vaccination,authority,No,Unclear,0.04764
247,A_87,Vaccination rate within 30 days,behavior_priority,primary,primary,0.06239999999999999
248,A_87,Vaccination rate within 30 days,behavior_focal,focal,"Behavior 1 (Did the participant get a first shot of a COVID-19 vaccine within the first month after the vaccine became available to him/her?), focal",0.06672
249,A_87,Vaccination rate within 30 days,behavior_focal_estimate,Exact,Exact,0.040709999999999996
250,A_87,Vaccination rate within 30 days,behavior_metric,categorical,continuous,0.06147
251,A_87,Vaccination rate within 30 days,behavior_selfreport,N,N,0.044759999999999994
252,A_87,Vaccination rate within 30 days,financial_reqt,No,No,0.035399999999999994
253,A_87,Vaccination rate within 30 days,travel_reqt,Yes,No,0.0213
254,A_87,Vaccination rate within 30 days,planning_reqt,Yes,No,0.041879999999999994
255,A_87,Vaccination rate within 30 days,location_reqt,Yes,Unclear,0.020849999999999997
256,A_87,Vaccination rate within 30 days,timing_reqt,Yes,Yes,0.05241
257,A_87,Vaccination rate within 30 days,prosociality,Yes,Yes,0.0525
258,A_87,Vaccination rate within 30 days,delay,Yes,Unclear,0.04479
259,A_87,Vaccination rate within 30 days,authority,No,Unclear,0.047760000000000004
260,A_30,"change in BMI, baseline to 12 mo",behavior_priority,secondary,none,0.062459999999999995
261,A_30,"change in BMI, baseline to 12 mo",behavior_focal,not,Behavior 1 (Did the participant get a first shot of a COVID-19 vaccine within the first month after the vaccine became available to him/her?)/focal,0.0669
262,A_30,"change in BMI, baseline to 12 mo",behavior_focal_estimate,Exact,Estimate,0.04083
263,A_30,"change in BMI, baseline to 12 mo",behavior_metric,continuous,continuous,0.061529999999999994
264,A_30,"change in BMI, baseline to 12 mo",behavior_selfreport,N,N,0.04482
265,A_30,"change in BMI, baseline to 12 mo",financial_reqt,No,Unclear,0.035519999999999996
266,A_30,"change in BMI, baseline to 12 mo",travel_reqt,No,No,0.02136
267,A_30,"change in BMI, baseline to 12 mo",planning_reqt,No,No,0.04193999999999999
268,A_30,"change in BMI, baseline to 12 mo",location_reqt,No,Unclear,0.020909999999999995
269,A_30,"change in BMI, baseline to 12 mo",timing_reqt,No,No,0.057929999999999995
270,A_30,"change in BMI, baseline to 12 mo",prosociality,No,Unclear,0.05262
271,A_30,"change in BMI, baseline to 12 mo",delay,Yes,Yes,0.044789999999999996
272,A_30,"change in BMI, baseline to 12 mo",authority,No,No,0.024210000000000002
273,A_30,"change in BMI, baseline to 24 mo",behavior_priority,secondary,none,0.062459999999999995
274,A_30,"change in BMI, baseline to 24 mo",behavior_focal,not,Behavior 1 (Did the participant get a first shot of a COVID-19 vaccine within the first month after the vaccine became available to him/her?)/focal,0.0669
275,A_30,"change in BMI, baseline to 24 mo",behavior_focal_estimate,Exact,Estimate,0.04083
276,A_30,"change in BMI, baseline to 24 mo",behavior_metric,continuous,continuous,0.061529999999999994
277,A_30,"change in BMI, baseline to 24 mo",behavior_selfreport,N,N,0.04482
278,A_30,"change in BMI, baseline to 24 mo",financial_reqt,No,No,0.03545999999999999
279,A_30,"change in BMI, baseline to 24 mo",travel_reqt,No,No,0.02136
280,A_30,"change in BMI, baseline to 24 mo",planning_reqt,No,Unclear,0.041999999999999996
281,A_30,"change in BMI, baseline to 24 mo",location_reqt,No,Unclear,0.020909999999999995
282,A_30,"change in BMI, baseline to 24 mo",timing_reqt,No,No,0.057929999999999995
283,A_30,"change in BMI, baseline to 24 mo",prosociality,No,Unclear,0.05262
284,A_30,"change in BMI, baseline to 24 mo",delay,Yes,Yes,0.044789999999999996
285,A_30,"change in BMI, baseline to 24 mo",authority,No,No,0.024210000000000002
286,A_30,"change in HDL cholesterol, baseline to 12 mo",behavior_priority,secondary,"The text does not provide information on a behavioral outcome named ""change in HDL cholesterol, baseline to 12 mo.""",0.0639
287,A_30,"change in HDL cholesterol, baseline to 12 mo",behavior_focal,not,Behavior 1 (Did the participant get a first shot of a COVID-19 vaccine within the first month after the vaccine became available to him/her?)/focal,0.06695999999999999
288,A_30,"change in HDL cholesterol, baseline to 12 mo",behavior_focal_estimate,Exact,Estimate,0.04089
289,A_30,"change in HDL cholesterol, baseline to 12 mo",behavior_metric,continuous,continuous,0.06159
290,A_30,"change in HDL cholesterol, baseline to 12 mo",behavior_selfreport,N,N,0.044879999999999996
291,A_30,"change in HDL cholesterol, baseline to 12 mo",financial_reqt,No,Unclear,0.03558
292,A_30,"change in HDL cholesterol, baseline to 12 mo",travel_reqt,No,No,0.021419999999999998
293,A_30,"change in HDL cholesterol, baseline to 12 mo",planning_reqt,No,Unclear,0.04206
294,A_30,"change in HDL cholesterol, baseline to 12 mo",location_reqt,No,Unclear,0.020969999999999996
295,A_30,"change in HDL cholesterol, baseline to 12 mo",timing_reqt,No,No,0.05799
296,A_30,"change in HDL cholesterol, baseline to 12 mo",prosociality,No,Unclear,0.05268
297,A_30,"change in HDL cholesterol, baseline to 12 mo",delay,Yes,Yes,0.04485
298,A_30,"change in HDL cholesterol, baseline to 12 mo",authority,No,Unclear,0.02433
299,A_30,"change in HDL cholesterol, baseline to 24 mo",behavior_priority,secondary,none,0.06251999999999999
300,A_30,"change in HDL cholesterol, baseline to 24 mo",behavior_focal,not,Behavior 1 (Did the participant get a first shot of a COVID-19 vaccine within the first month after the vaccine became available to him/her?)/focal,0.06695999999999999
301,A_30,"change in HDL cholesterol, baseline to 24 mo",behavior_focal_estimate,Exact,Estimate,0.04089
302,A_30,"change in HDL cholesterol, baseline to 24 mo",behavior_metric,continuous,continuous,0.06159
303,A_30,"change in HDL cholesterol, baseline to 24 mo",behavior_selfreport,N,N,0.044879999999999996
304,A_30,"change in HDL cholesterol, baseline to 24 mo",financial_reqt,No,Unclear,0.03558
305,A_30,"change in HDL cholesterol, baseline to 24 mo",travel_reqt,No,No,0.021419999999999998
306,A_30,"change in HDL cholesterol, baseline to 24 mo",planning_reqt,No,Unclear,0.04206
307,A_30,"change in HDL cholesterol, baseline to 24 mo",location_reqt,No,Unclear,0.020969999999999996
308,A_30,"change in HDL cholesterol, baseline to 24 mo",timing_reqt,No,No,0.05799
309,A_30,"change in HDL cholesterol, baseline to 24 mo",prosociality,No,Unclear,0.05268
310,A_30,"change in HDL cholesterol, baseline to 24 mo",delay,Yes,Yes,0.04485
311,A_30,"change in HDL cholesterol, baseline to 24 mo",authority,No,Unclear,0.02433
312,A_30,"change in LDL cholesterol, baseline to 12 mo",behavior_priority,secondary,"The behavioral outcome ""change in LDL cholesterol, baseline to 12 mo"" is not mentioned in the provided context.",0.06381
313,A_30,"change in LDL cholesterol, baseline to 12 mo",behavior_focal,not,Behavior 1 (Did the participant get a first shot of a COVID-19 vaccine within the first month after the vaccine became available to him/her?)/focal,0.06692999999999999
314,A_30,"change in LDL cholesterol, baseline to 12 mo",behavior_focal_estimate,Exact,Estimate,0.04086
315,A_30,"change in LDL cholesterol, baseline to 12 mo",behavior_metric,continuous,continuous,0.06155999999999999
316,A_30,"change in LDL cholesterol, baseline to 12 mo",behavior_selfreport,N,N,0.04485
317,A_30,"change in LDL cholesterol, baseline to 12 mo",financial_reqt,No,Unclear,0.035550000000000005
318,A_30,"change in LDL cholesterol, baseline to 12 mo",travel_reqt,No,No,0.02139
319,A_30,"change in LDL cholesterol, baseline to 12 mo",planning_reqt,No,Unclear,0.04203
320,A_30,"change in LDL cholesterol, baseline to 12 mo",location_reqt,No,Unclear,0.020939999999999997
321,A_30,"change in LDL cholesterol, baseline to 12 mo",timing_reqt,No,No,0.05795999999999999
322,A_30,"change in LDL cholesterol, baseline to 12 mo",prosociality,No,Unclear,0.052649999999999995
323,A_30,"change in LDL cholesterol, baseline to 12 mo",delay,Yes,Yes,0.04482
324,A_30,"change in LDL cholesterol, baseline to 12 mo",authority,No,Unclear,0.0243
325,A_30,"change in LDL cholesterol, baseline to 24 mo",behavior_priority,secondary,none,0.06249
326,A_30,"change in LDL cholesterol, baseline to 24 mo",behavior_focal,not,Behavior 1 (Did the participant get a first shot of a COVID-19 vaccine within the first month after the vaccine became available to him/her?)/focal,0.06692999999999999
327,A_30,"change in LDL cholesterol, baseline to 24 mo",behavior_focal_estimate,Exact,Estimate,0.04086
328,A_30,"change in LDL cholesterol, baseline to 24 mo",behavior_metric,continuous,continuous,0.06155999999999999
329,A_30,"change in LDL cholesterol, baseline to 24 mo",behavior_selfreport,N,N,0.04485
330,A_30,"change in LDL cholesterol, baseline to 24 mo",financial_reqt,No,Unclear,0.035550000000000005
331,A_30,"change in LDL cholesterol, baseline to 24 mo",travel_reqt,No,No,0.02139
332,A_30,"change in LDL cholesterol, baseline to 24 mo",planning_reqt,No,Unclear,0.04203
333,A_30,"change in LDL cholesterol, baseline to 24 mo",location_reqt,No,Unclear,0.020939999999999997
334,A_30,"change in LDL cholesterol, baseline to 24 mo",timing_reqt,No,No,0.05795999999999999
335,A_30,"change in LDL cholesterol, baseline to 24 mo",prosociality,No,Unclear,0.052649999999999995
336,A_30,"change in LDL cholesterol, baseline to 24 mo",delay,Yes,Yes,0.04482
337,A_30,"change in LDL cholesterol, baseline to 24 mo",authority,No,Unclear,0.0243
338,A_30,"change in avg % of green labeled items purchased, baseline to 12 mo",behavior_priority,secondary,none,0.06264
339,A_30,"change in avg % of green labeled items purchased, baseline to 12 mo",behavior_focal,not,"Behavior 1 (Did the participant get a first shot of a COVID-19 vaccine within the first month after the vaccine became available to him/her?), focal",0.06695999999999999
340,A_30,"change in avg % of green labeled items purchased, baseline to 12 mo",behavior_focal_estimate,Exact,Estimate,0.04101
341,A_30,"change in avg % of green labeled items purchased, baseline to 12 mo",behavior_metric,continuous,continuous,0.06171
342,A_30,"change in avg % of green labeled items purchased, baseline to 12 mo",behavior_selfreport,N,N,0.045
343,A_30,"change in avg % of green labeled items purchased, baseline to 12 mo",financial_reqt,No,No,0.03563999999999999
344,A_30,"change in avg % of green labeled items purchased, baseline to 12 mo",travel_reqt,No,No,0.02154
345,A_30,"change in avg % of green labeled items purchased, baseline to 12 mo",planning_reqt,No,No,0.04211999999999999
346,A_30,"change in avg % of green labeled items purchased, baseline to 12 mo",location_reqt,Yes,No,0.02103
347,A_30,"change in avg % of green labeled items purchased, baseline to 12 mo",timing_reqt,No,No,0.058109999999999995
348,A_30,"change in avg % of green labeled items purchased, baseline to 12 mo",prosociality,No,Yes,0.052739999999999995
349,A_30,"change in avg % of green labeled items purchased, baseline to 12 mo",delay,Yes,Yes,0.044969999999999996
350,A_30,"change in avg % of green labeled items purchased, baseline to 12 mo",authority,No,No,0.024390000000000002
351,A_30,"change in avg % of green labeled items purchased, baseline to 24 mo",behavior_priority,secondary,none,0.06264
352,A_30,"change in avg % of green labeled items purchased, baseline to 24 mo",behavior_focal,not,"Behavior 1 (Did the participant get a first shot of a COVID-19 vaccine within the first month after the vaccine became available to him/her?), focal",0.06695999999999999
353,A_30,"change in avg % of green labeled items purchased, baseline to 24 mo",behavior_focal_estimate,Exact,Estimate,0.04101
354,A_30,"change in avg % of green labeled items purchased, baseline to 24 mo",behavior_metric,continuous,continuous,0.06171
355,A_30,"change in avg % of green labeled items purchased, baseline to 24 mo",behavior_selfreport,N,N,0.045
356,A_30,"change in avg % of green labeled items purchased, baseline to 24 mo",financial_reqt,No,No,0.03563999999999999
357,A_30,"change in avg % of green labeled items purchased, baseline to 24 mo",travel_reqt,No,No,0.02154
358,A_30,"change in avg % of green labeled items purchased, baseline to 24 mo",planning_reqt,No,No,0.04211999999999999
359,A_30,"change in avg % of green labeled items purchased, baseline to 24 mo",location_reqt,Yes,No,0.02103
360,A_30,"change in avg % of green labeled items purchased, baseline to 24 mo",timing_reqt,No,No,0.058109999999999995
361,A_30,"change in avg % of green labeled items purchased, baseline to 24 mo",prosociality,No,Yes,0.052739999999999995
362,A_30,"change in avg % of green labeled items purchased, baseline to 24 mo",delay,Yes,Unclear,0.04503
363,A_30,"change in avg % of green labeled items purchased, baseline to 24 mo",authority,No,No,0.024390000000000002
364,A_30,"change in avg % of red labeled items purchased, baseline to 12 mo",behavior_priority,secondary,none,0.06264
365,A_30,"change in avg % of red labeled items purchased, baseline to 12 mo",behavior_focal,not,"Behavior 1 (Did the participant get a first shot of a COVID-19 vaccine within the first month after the vaccine became available to him/her?), focal",0.06695999999999999
366,A_30,"change in avg % of red labeled items purchased, baseline to 12 mo",behavior_focal_estimate,Exact,Estimate,0.04101
367,A_30,"change in avg % of red labeled items purchased, baseline to 12 mo",behavior_metric,continuous,continuous,0.06171
368,A_30,"change in avg % of red labeled items purchased, baseline to 12 mo",behavior_selfreport,N,N,0.045
369,A_30,"change in avg % of red labeled items purchased, baseline to 12 mo",financial_reqt,No,No,0.03563999999999999
370,A_30,"change in avg % of red labeled items purchased, baseline to 12 mo",travel_reqt,No,No,0.02154
371,A_30,"change in avg % of red labeled items purchased, baseline to 12 mo",planning_reqt,No,No,0.04211999999999999
372,A_30,"change in avg % of red labeled items purchased, baseline to 12 mo",location_reqt,Yes,No,0.02103
373,A_30,"change in avg % of red labeled items purchased, baseline to 12 mo",timing_reqt,No,No,0.058109999999999995
374,A_30,"change in avg % of red labeled items purchased, baseline to 12 mo",prosociality,No,Unclear,0.0528
375,A_30,"change in avg % of red labeled items purchased, baseline to 12 mo",delay,Yes,Yes,0.044969999999999996
376,A_30,"change in avg % of red labeled items purchased, baseline to 12 mo",authority,No,No,0.024390000000000002
377,A_30,"change in avg % of red labeled items purchased, baseline to 24 mo",behavior_priority,secondary,none,0.06264
378,A_30,"change in avg % of red labeled items purchased, baseline to 24 mo",behavior_focal,not,"Behavior 1 (Did the participant get a first shot of a COVID-19 vaccine within the first month after the vaccine became available to him/her?), focal",0.06695999999999999
379,A_30,"change in avg % of red labeled items purchased, baseline to 24 mo",behavior_focal_estimate,Exact,Estimate,0.04101
380,A_30,"change in avg % of red labeled items purchased, baseline to 24 mo",behavior_metric,continuous,continuous,0.06171
381,A_30,"change in avg % of red labeled items purchased, baseline to 24 mo",behavior_selfreport,N,N,0.045
382,A_30,"change in avg % of red labeled items purchased, baseline to 24 mo",financial_reqt,No,No,0.03563999999999999
383,A_30,"change in avg % of red labeled items purchased, baseline to 24 mo",travel_reqt,No,No,0.02154
384,A_30,"change in avg % of red labeled items purchased, baseline to 24 mo",planning_reqt,No,Unclear,0.042179999999999995
385,A_30,"change in avg % of red labeled items purchased, baseline to 24 mo",location_reqt,Yes,No,0.02103
386,A_30,"change in avg % of red labeled items purchased, baseline to 24 mo",timing_reqt,No,No,0.058109999999999995
387,A_30,"change in avg % of red labeled items purchased, baseline to 24 mo",prosociality,No,Yes,0.052739999999999995
388,A_30,"change in avg % of red labeled items purchased, baseline to 24 mo",delay,Yes,Yes,0.044969999999999996
389,A_30,"change in avg % of red labeled items purchased, baseline to 24 mo",authority,No,No,0.024390000000000002
390,A_30,"change in avg % of yellow labeled items purchased, baseline to 12 mo",behavior_priority,secondary,none,0.06264
391,A_30,"change in avg % of yellow labeled items purchased, baseline to 12 mo",behavior_focal,not,"Behavior 1 (Did the participant get a first shot of a COVID-19 vaccine within the first month after the vaccine became available to him/her?), focal",0.06695999999999999
392,A_30,"change in avg % of yellow labeled items purchased, baseline to 12 mo",behavior_focal_estimate,Exact,Estimate,0.04101
393,A_30,"change in avg % of yellow labeled items purchased, baseline to 12 mo",behavior_metric,continuous,continuous,0.06171
394,A_30,"change in avg % of yellow labeled items purchased, baseline to 12 mo",behavior_selfreport,N,N,0.045
395,A_30,"change in avg % of yellow labeled items purchased, baseline to 12 mo",financial_reqt,No,No,0.03563999999999999
396,A_30,"change in avg % of yellow labeled items purchased, baseline to 12 mo",travel_reqt,No,No,0.02154
397,A_30,"change in avg % of yellow labeled items purchased, baseline to 12 mo",planning_reqt,No,No,0.04211999999999999
398,A_30,"change in avg % of yellow labeled items purchased, baseline to 12 mo",location_reqt,Yes,No,0.02103
399,A_30,"change in avg % of yellow labeled items purchased, baseline to 12 mo",timing_reqt,No,No,0.058109999999999995
400,A_30,"change in avg % of yellow labeled items purchased, baseline to 12 mo",prosociality,No,Unclear,0.0528
401,A_30,"change in avg % of yellow labeled items purchased, baseline to 12 mo",delay,Yes,Yes,0.044969999999999996
402,A_30,"change in avg % of yellow labeled items purchased, baseline to 12 mo",authority,No,No,0.024390000000000002
403,A_30,"change in avg % of yellow labeled items purchased, baseline to 24 mo",behavior_priority,secondary,none,0.06264
404,A_30,"change in avg % of yellow labeled items purchased, baseline to 24 mo",behavior_focal,not,Behavior 1 (Did the participant get a first shot of a COVID-19 vaccine within the first month after the vaccine became available to him/her?)/focal,0.06707999999999999
405,A_30,"change in avg % of yellow labeled items purchased, baseline to 24 mo",behavior_focal_estimate,Exact,Estimate,0.04101
406,A_30,"change in avg % of yellow labeled items purchased, baseline to 24 mo",behavior_metric,continuous,continuous,0.06171
407,A_30,"change in avg % of yellow labeled items purchased, baseline to 24 mo",behavior_selfreport,N,N,0.045
408,A_30,"change in avg % of yellow labeled items purchased, baseline to 24 mo",financial_reqt,No,Unclear,0.035699999999999996
409,A_30,"change in avg % of yellow labeled items purchased, baseline to 24 mo",travel_reqt,No,No,0.02154
410,A_30,"change in avg % of yellow labeled items purchased, baseline to 24 mo",planning_reqt,No,No,0.04211999999999999
411,A_30,"change in avg % of yellow labeled items purchased, baseline to 24 mo",location_reqt,Yes,No,0.02103
412,A_30,"change in avg % of yellow labeled items purchased, baseline to 24 mo",timing_reqt,No,No,0.058109999999999995
413,A_30,"change in avg % of yellow labeled items purchased, baseline to 24 mo",prosociality,No,Unclear,0.0528
414,A_30,"change in avg % of yellow labeled items purchased, baseline to 24 mo",delay,Yes,Yes,0.044969999999999996
415,A_30,"change in avg % of yellow labeled items purchased, baseline to 24 mo",authority,No,No,0.024390000000000002
416,A_30,"change in avg A1c, baseline to 12 mo",behavior_priority,secondary,"The text does not provide information on a behavioral outcome named ""change in avg A1c, baseline to 12 mo.""",0.06399
417,A_30,"change in avg A1c, baseline to 12 mo",behavior_focal,not,Behavior 1 (Did the participant get a first shot of a COVID-19 vaccine within the first month after the vaccine became available to him/her?)/focal,0.06699
418,A_30,"change in avg A1c, baseline to 12 mo",behavior_focal_estimate,Exact,Estimate,0.040920000000000005
419,A_30,"change in avg A1c, baseline to 12 mo",behavior_metric,continuous,continuous,0.061619999999999994
420,A_30,"change in avg A1c, baseline to 12 mo",behavior_selfreport,N,N,0.04491
421,A_30,"change in avg A1c, baseline to 12 mo",financial_reqt,No,Unclear,0.03561
422,A_30,"change in avg A1c, baseline to 12 mo",travel_reqt,No,No,0.02145
423,A_30,"change in avg A1c, baseline to 12 mo",planning_reqt,No,Unclear,0.04209
424,A_30,"change in avg A1c, baseline to 12 mo",location_reqt,No,Unclear,0.020999999999999998
425,A_30,"change in avg A1c, baseline to 12 mo",timing_reqt,No,No,0.058019999999999995
426,A_30,"change in avg A1c, baseline to 12 mo",prosociality,No,Unclear,0.05271
427,A_30,"change in avg A1c, baseline to 12 mo",delay,Yes,Unclear,0.04494
428,A_30,"change in avg A1c, baseline to 12 mo",authority,No,No,0.024300000000000002
429,A_30,"change in avg A1c, baseline to 24 mo",behavior_priority,secondary,"The text does not provide information on a behavioral outcome named ""change in avg A1c, baseline to 24 mo.""",0.06399
430,A_30,"change in avg A1c, baseline to 24 mo",behavior_focal,not,"Behavior 1 (Did the participant get a first shot of a COVID-19 vaccine within the first month after the vaccine became available to him/her?), focal",0.06687
431,A_30,"change in avg A1c, baseline to 24 mo",behavior_focal_estimate,Exact,Estimate,0.040920000000000005
432,A_30,"change in avg A1c, baseline to 24 mo",behavior_metric,continuous,continuous,0.061619999999999994
433,A_30,"change in avg A1c, baseline to 24 mo",behavior_selfreport,N,N,0.04491
434,A_30,"change in avg A1c, baseline to 24 mo",financial_reqt,No,Unclear,0.03561
435,A_30,"change in avg A1c, baseline to 24 mo",travel_reqt,No,No,0.02145
436,A_30,"change in avg A1c, baseline to 24 mo",planning_reqt,No,Unclear,0.04209
437,A_30,"change in avg A1c, baseline to 24 mo",location_reqt,No,Unclear,0.020999999999999998
438,A_30,"change in avg A1c, baseline to 24 mo",timing_reqt,No,No,0.058019999999999995
439,A_30,"change in avg A1c, baseline to 24 mo",prosociality,No,Unclear,0.05271
440,A_30,"change in avg A1c, baseline to 24 mo",delay,Yes,Yes,0.044879999999999996
441,A_30,"change in avg A1c, baseline to 24 mo",authority,No,Unclear,0.02436
442,A_30,"change in calories purchased per day, baseline to 12 mo",behavior_priority,secondary,"The text does not provide information on a behavioral outcome named ""change in calories purchased per day, baseline to 12 mo.""",0.06399
443,A_30,"change in calories purchased per day, baseline to 12 mo",behavior_focal,not,"Behavior 1 (Did the participant get a first shot of a COVID-19 vaccine within the first month after the vaccine became available to him/her?), focal",0.06687
444,A_30,"change in calories purchased per day, baseline to 12 mo",behavior_focal_estimate,Exact,Estimate,0.040920000000000005
445,A_30,"change in calories purchased per day, baseline to 12 mo",behavior_metric,continuous,continuous,0.061619999999999994
446,A_30,"change in calories purchased per day, baseline to 12 mo",behavior_selfreport,N,N,0.04491
447,A_30,"change in calories purchased per day, baseline to 12 mo",financial_reqt,No,No,0.03555
448,A_30,"change in calories purchased per day, baseline to 12 mo",travel_reqt,No,No,0.02145
449,A_30,"change in calories purchased per day, baseline to 12 mo",planning_reqt,No,No,0.04203
450,A_30,"change in calories purchased per day, baseline to 12 mo",location_reqt,Yes,No,0.02094
451,A_30,"change in calories purchased per day, baseline to 12 mo",timing_reqt,No,No,0.058019999999999995
452,A_30,"change in calories purchased per day, baseline to 12 mo",prosociality,No,Yes,0.052649999999999995
453,A_30,"change in calories purchased per day, baseline to 12 mo",delay,Yes,Yes,0.044879999999999996
454,A_30,"change in calories purchased per day, baseline to 12 mo",authority,No,No,0.024300000000000002
455,A_30,"change in calories purchased per day, baseline to 24 mo",behavior_priority,secondary,"The text does not provide information on a behavioral outcome named ""change in calories purchased per day, baseline to 24 mo.""",0.06399
456,A_30,"change in calories purchased per day, baseline to 24 mo",behavior_focal,not,"Behavior 1 (Did the participant get a first shot of a COVID-19 vaccine within the first month after the vaccine became available to him/her?), focal",0.06687
457,A_30,"change in calories purchased per day, baseline to 24 mo",behavior_focal_estimate,Exact,Estimate,0.040920000000000005
458,A_30,"change in calories purchased per day, baseline to 24 mo",behavior_metric,continuous,continuous,0.061619999999999994
459,A_30,"change in calories purchased per day, baseline to 24 mo",behavior_selfreport,N,N,0.04491
460,A_30,"change in calories purchased per day, baseline to 24 mo",financial_reqt,No,No,0.03555
461,A_30,"change in calories purchased per day, baseline to 24 mo",travel_reqt,No,No,0.02145
462,A_30,"change in calories purchased per day, baseline to 24 mo",planning_reqt,No,No,0.04203
463,A_30,"change in calories purchased per day, baseline to 24 mo",location_reqt,Yes,No,0.02094
464,A_30,"change in calories purchased per day, baseline to 24 mo",timing_reqt,No,No,0.058019999999999995
465,A_30,"change in calories purchased per day, baseline to 24 mo",prosociality,No,Yes,0.052649999999999995
466,A_30,"change in calories purchased per day, baseline to 24 mo",delay,Yes,Yes,0.044879999999999996
467,A_30,"change in calories purchased per day, baseline to 24 mo",authority,No,No,0.024300000000000002
468,A_30,"change in diastolic BP, baseline to 12 mo",behavior_priority,secondary,none,0.06255000000000001
469,A_30,"change in diastolic BP, baseline to 12 mo",behavior_focal,not,"Behavior 1 (Did the participant get a first shot of a COVID-19 vaccine within the first month after the vaccine became available to him/her?), focal",0.06687
470,A_30,"change in diastolic BP, baseline to 12 mo",behavior_focal_estimate,Exact,Estimate,0.040920000000000005
471,A_30,"change in diastolic BP, baseline to 12 mo",behavior_metric,continuous,continuous,0.061619999999999994
472,A_30,"change in diastolic BP, baseline to 12 mo",behavior_selfreport,N,N,0.04491
473,A_30,"change in diastolic BP, baseline to 12 mo",financial_reqt,No,Unclear,0.03561
474,A_30,"change in diastolic BP, baseline to 12 mo",travel_reqt,No,No,0.02145
475,A_30,"change in diastolic BP, baseline to 12 mo",planning_reqt,No,Unclear,0.04209
476,A_30,"change in diastolic BP, baseline to 12 mo",location_reqt,No,Unclear,0.020999999999999998
477,A_30,"change in diastolic BP, baseline to 12 mo",timing_reqt,No,No,0.058019999999999995
478,A_30,"change in diastolic BP, baseline to 12 mo",prosociality,No,Unclear,0.05271
479,A_30,"change in diastolic BP, baseline to 12 mo",delay,Yes,Yes,0.044879999999999996
480,A_30,"change in diastolic BP, baseline to 12 mo",authority,No,Unclear,0.02436
481,A_30,"change in diastolic BP, baseline to 24 mo",behavior_priority,secondary,none,0.06255000000000001
482,A_30,"change in diastolic BP, baseline to 24 mo",behavior_focal,not,"Behavior 1 (Did the participant get a first shot of a COVID-19 vaccine within the first month after the vaccine became available to him/her?), focal",0.06687
483,A_30,"change in diastolic BP, baseline to 24 mo",behavior_focal_estimate,Exact,Estimate,0.040920000000000005
484,A_30,"change in diastolic BP, baseline to 24 mo",behavior_metric,continuous,continuous,0.061619999999999994
485,A_30,"change in diastolic BP, baseline to 24 mo",behavior_selfreport,N,N,0.04491
486,A_30,"change in diastolic BP, baseline to 24 mo",financial_reqt,No,Unclear,0.03561
487,A_30,"change in diastolic BP, baseline to 24 mo",travel_reqt,No,No,0.02145
488,A_30,"change in diastolic BP, baseline to 24 mo",planning_reqt,No,Unclear,0.04209
489,A_30,"change in diastolic BP, baseline to 24 mo",location_reqt,No,Unclear,0.020999999999999998
490,A_30,"change in diastolic BP, baseline to 24 mo",timing_reqt,No,No,0.058019999999999995
491,A_30,"change in diastolic BP, baseline to 24 mo",prosociality,No,Unclear,0.05271
492,A_30,"change in diastolic BP, baseline to 24 mo",delay,Yes,Yes,0.044879999999999996
493,A_30,"change in diastolic BP, baseline to 24 mo",authority,No,Unclear,0.02436
494,A_30,"change in diet quality (Healthy Eating Index 2015), baseline to 12 mo",behavior_priority,secondary,none,0.0627
495,A_30,"change in diet quality (Healthy Eating Index 2015), baseline to 12 mo",behavior_focal,not,"Behavior 1 (main outcome measure for behavior): Did the participant get a first shot of a COVID-19 vaccine within the first month after the vaccine became available to him/her? (0/1), focal",0.06767999999999999
496,A_30,"change in diet quality (Healthy Eating Index 2015), baseline to 12 mo",behavior_focal_estimate,Exact,Estimate,0.04107
497,A_30,"change in diet quality (Healthy Eating Index 2015), baseline to 12 mo",behavior_metric,continuous,continuous,0.06176999999999999
498,A_30,"change in diet quality (Healthy Eating Index 2015), baseline to 12 mo",behavior_selfreport,Y,N,0.045059999999999996
499,A_30,"change in diet quality (Healthy Eating Index 2015), baseline to 12 mo",financial_reqt,No,No,0.035699999999999996
500,A_30,"change in diet quality (Healthy Eating Index 2015), baseline to 12 mo",travel_reqt,No,No,0.021599999999999998
501,A_30,"change in diet quality (Healthy Eating Index 2015), baseline to 12 mo",planning_reqt,No,No,0.042179999999999995
502,A_30,"change in diet quality (Healthy Eating Index 2015), baseline to 12 mo",location_reqt,No,No,0.021089999999999998
503,A_30,"change in diet quality (Healthy Eating Index 2015), baseline to 12 mo",timing_reqt,No,No,0.05817
504,A_30,"change in diet quality (Healthy Eating Index 2015), baseline to 12 mo",prosociality,No,Yes,0.05279999999999999
505,A_30,"change in diet quality (Healthy Eating Index 2015), baseline to 12 mo",delay,Yes,Yes,0.04503
506,A_30,"change in diet quality (Healthy Eating Index 2015), baseline to 12 mo",authority,No,No,0.02445
507,A_30,"change in diet quality (Healthy Eating Index 2015), baseline to 24 mo",behavior_priority,secondary,none,0.0627
508,A_30,"change in diet quality (Healthy Eating Index 2015), baseline to 24 mo",behavior_focal,not,"Behavior 1 (main outcome measure for behavior): Did the participant get a first shot of a COVID-19 vaccine within the first month after the vaccine became available to him/her? (0/1), focal",0.06767999999999999
509,A_30,"change in diet quality (Healthy Eating Index 2015), baseline to 24 mo",behavior_focal_estimate,Exact,Estimate,0.04107
510,A_30,"change in diet quality (Healthy Eating Index 2015), baseline to 24 mo",behavior_metric,continuous,continuous,0.06176999999999999
511,A_30,"change in diet quality (Healthy Eating Index 2015), baseline to 24 mo",behavior_selfreport,Y,N,0.045059999999999996
512,A_30,"change in diet quality (Healthy Eating Index 2015), baseline to 24 mo",financial_reqt,No,No,0.035699999999999996
513,A_30,"change in diet quality (Healthy Eating Index 2015), baseline to 24 mo",travel_reqt,No,No,0.021599999999999998
514,A_30,"change in diet quality (Healthy Eating Index 2015), baseline to 24 mo",planning_reqt,No,No,0.042179999999999995
515,A_30,"change in diet quality (Healthy Eating Index 2015), baseline to 24 mo",location_reqt,No,Unclear,0.021149999999999995
516,A_30,"change in diet quality (Healthy Eating Index 2015), baseline to 24 mo",timing_reqt,No,No,0.05817
517,A_30,"change in diet quality (Healthy Eating Index 2015), baseline to 24 mo",prosociality,No,Yes,0.05279999999999999
518,A_30,"change in diet quality (Healthy Eating Index 2015), baseline to 24 mo",delay,Yes,Yes,0.04503
519,A_30,"change in diet quality (Healthy Eating Index 2015), baseline to 24 mo",authority,No,No,0.02445
520,A_30,"change in diet quality (Healthy Eating Index 2015), baseline to 6 mo",behavior_priority,secondary,none,0.0627
521,A_30,"change in diet quality (Healthy Eating Index 2015), baseline to 6 mo",behavior_focal,not,"Behavior 1 (main outcome measure for behavior): Did the participant get a first shot of a COVID-19 vaccine within the first month after the vaccine became available to him/her? (0/1), focal",0.06767999999999999
522,A_30,"change in diet quality (Healthy Eating Index 2015), baseline to 6 mo",behavior_focal_estimate,Exact,Estimate,0.04107
523,A_30,"change in diet quality (Healthy Eating Index 2015), baseline to 6 mo",behavior_metric,continuous,continuous,0.06176999999999999
524,A_30,"change in diet quality (Healthy Eating Index 2015), baseline to 6 mo",behavior_selfreport,Y,N,0.045059999999999996
525,A_30,"change in diet quality (Healthy Eating Index 2015), baseline to 6 mo",financial_reqt,No,No,0.035699999999999996
526,A_30,"change in diet quality (Healthy Eating Index 2015), baseline to 6 mo",travel_reqt,No,No,0.021599999999999998
527,A_30,"change in diet quality (Healthy Eating Index 2015), baseline to 6 mo",planning_reqt,No,No,0.042179999999999995
528,A_30,"change in diet quality (Healthy Eating Index 2015), baseline to 6 mo",location_reqt,No,No,0.021089999999999998
529,A_30,"change in diet quality (Healthy Eating Index 2015), baseline to 6 mo",timing_reqt,No,No,0.05817
530,A_30,"change in diet quality (Healthy Eating Index 2015), baseline to 6 mo",prosociality,No,Yes,0.05279999999999999
531,A_30,"change in diet quality (Healthy Eating Index 2015), baseline to 6 mo",delay,Yes,Yes,0.04503
532,A_30,"change in diet quality (Healthy Eating Index 2015), baseline to 6 mo",authority,No,No,0.02445
533,A_30,"change in healthy purchasing score (avg %), baseline to 12 mo",behavior_priority,secondary,none,0.06261
534,A_30,"change in healthy purchasing score (avg %), baseline to 12 mo",behavior_focal,not,"Behavior 1 (Did the participant get a first shot of a COVID-19 vaccine within the first month after the vaccine became available to him/her?), focal",0.06693
535,A_30,"change in healthy purchasing score (avg %), baseline to 12 mo",behavior_focal_estimate,Exact,Estimate,0.04098
536,A_30,"change in healthy purchasing score (avg %), baseline to 12 mo",behavior_metric,continuous,continuous,0.06167999999999999
537,A_30,"change in healthy purchasing score (avg %), baseline to 12 mo",behavior_selfreport,N,N,0.044969999999999996
538,A_30,"change in healthy purchasing score (avg %), baseline to 12 mo",financial_reqt,No,No,0.035609999999999996
539,A_30,"change in healthy purchasing score (avg %), baseline to 12 mo",travel_reqt,No,No,0.021509999999999998
540,A_30,"change in healthy purchasing score (avg %), baseline to 12 mo",planning_reqt,No,No,0.042089999999999995
541,A_30,"change in healthy purchasing score (avg %), baseline to 12 mo",location_reqt,Yes,No,0.020999999999999998
542,A_30,"change in healthy purchasing score (avg %), baseline to 12 mo",timing_reqt,No,No,0.05807999999999999
543,A_30,"change in healthy purchasing score (avg %), baseline to 12 mo",prosociality,No,Yes,0.05270999999999999
544,A_30,"change in healthy purchasing score (avg %), baseline to 12 mo",delay,Yes,Yes,0.044939999999999994
545,A_30,"change in healthy purchasing score (avg %), baseline to 12 mo",authority,No,No,0.024360000000000003
546,A_30,"change in healthy purchasing score (avg %), baseline to 24 mo",behavior_priority,secondary,"The behavioral outcome ""change in healthy purchasing score (avg %), baseline to 24 mo"" is not mentioned in the provided text.",0.06416999999999999
547,A_30,"change in healthy purchasing score (avg %), baseline to 24 mo",behavior_focal,not,Behavior 1 (Did the participant get a first shot of a COVID-19 vaccine within the first month after the vaccine became available to him/her?)/focal,0.06705
548,A_30,"change in healthy purchasing score (avg %), baseline to 24 mo",behavior_focal_estimate,Exact,Estimate,0.04098
549,A_30,"change in healthy purchasing score (avg %), baseline to 24 mo",behavior_metric,continuous,continuous,0.06167999999999999
550,A_30,"change in healthy purchasing score (avg %), baseline to 24 mo",behavior_selfreport,N,N,0.044969999999999996
551,A_30,"change in healthy purchasing score (avg %), baseline to 24 mo",financial_reqt,No,No,0.035609999999999996
552,A_30,"change in healthy purchasing score (avg %), baseline to 24 mo",travel_reqt,No,No,0.021509999999999998
553,A_30,"change in healthy purchasing score (avg %), baseline to 24 mo",planning_reqt,No,Unclear,0.04215
554,A_30,"change in healthy purchasing score (avg %), baseline to 24 mo",location_reqt,Yes,No,0.020999999999999998
555,A_30,"change in healthy purchasing score (avg %), baseline to 24 mo",timing_reqt,No,No,0.05807999999999999
556,A_30,"change in healthy purchasing score (avg %), baseline to 24 mo",prosociality,No,Yes,0.05270999999999999
557,A_30,"change in healthy purchasing score (avg %), baseline to 24 mo",delay,Yes,Yes,0.044939999999999994
558,A_30,"change in healthy purchasing score (avg %), baseline to 24 mo",authority,No,No,0.024360000000000003
559,A_30,"change in systolic BP, baseline to 12 mo",behavior_priority,secondary,none,0.06251999999999999
560,A_30,"change in systolic BP, baseline to 12 mo",behavior_focal,not,"Behavior 1 (Did the participant get a first shot of a COVID-19 vaccine within the first month after the vaccine became available to him/her?), focal",0.06684
561,A_30,"change in systolic BP, baseline to 12 mo",behavior_focal_estimate,Exact,Estimate,0.04089
562,A_30,"change in systolic BP, baseline to 12 mo",behavior_metric,continuous,continuous,0.06159
563,A_30,"change in systolic BP, baseline to 12 mo",behavior_selfreport,N,N,0.044879999999999996
564,A_30,"change in systolic BP, baseline to 12 mo",financial_reqt,No,Unclear,0.03558
565,A_30,"change in systolic BP, baseline to 12 mo",travel_reqt,No,No,0.021419999999999998
566,A_30,"change in systolic BP, baseline to 12 mo",planning_reqt,No,Unclear,0.04206
567,A_30,"change in systolic BP, baseline to 12 mo",location_reqt,No,Unclear,0.020969999999999996
568,A_30,"change in systolic BP, baseline to 12 mo",timing_reqt,No,No,0.05799
569,A_30,"change in systolic BP, baseline to 12 mo",prosociality,No,Unclear,0.05268
570,A_30,"change in systolic BP, baseline to 12 mo",delay,Yes,Yes,0.04485
571,A_30,"change in systolic BP, baseline to 12 mo",authority,No,No,0.024270000000000003
572,A_30,"change in systolic BP, baseline to 24 mo",behavior_priority,secondary,none,0.06251999999999999
573,A_30,"change in systolic BP, baseline to 24 mo",behavior_focal,not,Behavior 1 (Did the participant get a first shot of a COVID-19 vaccine within the first month after the vaccine became available to him/her?)/focal,0.06695999999999999
574,A_30,"change in systolic BP, baseline to 24 mo",behavior_focal_estimate,Exact,Estimate,0.04089
575,A_30,"change in systolic BP, baseline to 24 mo",behavior_metric,continuous,continuous,0.06159
576,A_30,"change in systolic BP, baseline to 24 mo",behavior_selfreport,N,N,0.044879999999999996
577,A_30,"change in systolic BP, baseline to 24 mo",financial_reqt,No,Unclear,0.03558
578,A_30,"change in systolic BP, baseline to 24 mo",travel_reqt,No,No,0.021419999999999998
579,A_30,"change in systolic BP, baseline to 24 mo",planning_reqt,No,Unclear,0.04206
580,A_30,"change in systolic BP, baseline to 24 mo",location_reqt,No,Unclear,0.020969999999999996
581,A_30,"change in systolic BP, baseline to 24 mo",timing_reqt,No,No,0.05799
582,A_30,"change in systolic BP, baseline to 24 mo",prosociality,No,Unclear,0.05268
583,A_30,"change in systolic BP, baseline to 24 mo",delay,Yes,Yes,0.04485
584,A_30,"change in systolic BP, baseline to 24 mo",authority,No,No,0.024270000000000003
585,A_30,"change in total cholesterol, baseline to 12 mo",behavior_priority,secondary,none,0.06249
586,A_30,"change in total cholesterol, baseline to 12 mo",behavior_focal,not,Behavior 1 (Did the participant get a first shot of a COVID-19 vaccine within the first month after the vaccine became available to him/her?)/focal,0.06692999999999999
587,A_30,"change in total cholesterol, baseline to 12 mo",behavior_focal_estimate,Exact,Estimate,0.04086
588,A_30,"change in total cholesterol, baseline to 12 mo",behavior_metric,continuous,continuous,0.06155999999999999
589,A_30,"change in total cholesterol, baseline to 12 mo",behavior_selfreport,N,N,0.04485
590,A_30,"change in total cholesterol, baseline to 12 mo",financial_reqt,No,Unclear,0.035550000000000005
591,A_30,"change in total cholesterol, baseline to 12 mo",travel_reqt,No,No,0.02139
592,A_30,"change in total cholesterol, baseline to 12 mo",planning_reqt,No,Unclear,0.04203
593,A_30,"change in total cholesterol, baseline to 12 mo",location_reqt,No,Unclear,0.020939999999999997
594,A_30,"change in total cholesterol, baseline to 12 mo",timing_reqt,No,No,0.05795999999999999
595,A_30,"change in total cholesterol, baseline to 12 mo",prosociality,No,Unclear,0.052649999999999995
596,A_30,"change in total cholesterol, baseline to 12 mo",delay,Yes,Yes,0.04482
597,A_30,"change in total cholesterol, baseline to 12 mo",authority,No,No,0.02424
598,A_30,"change in total cholesterol, baseline to 24 mo",behavior_priority,secondary,none,0.06249
599,A_30,"change in total cholesterol, baseline to 24 mo",behavior_focal,not,Behavior 1 (Did the participant get a first shot of a COVID-19 vaccine within the first month after the vaccine became available to him/her?)/focal,0.06692999999999999
600,A_30,"change in total cholesterol, baseline to 24 mo",behavior_focal_estimate,Exact,Estimate,0.04086
601,A_30,"change in total cholesterol, baseline to 24 mo",behavior_metric,continuous,continuous,0.06155999999999999
602,A_30,"change in total cholesterol, baseline to 24 mo",behavior_selfreport,N,N,0.04485
603,A_30,"change in total cholesterol, baseline to 24 mo",financial_reqt,No,Unclear,0.035550000000000005
604,A_30,"change in total cholesterol, baseline to 24 mo",travel_reqt,No,No,0.02139
605,A_30,"change in total cholesterol, baseline to 24 mo",planning_reqt,No,Unclear,0.04203
606,A_30,"change in total cholesterol, baseline to 24 mo",location_reqt,No,Unclear,0.020939999999999997
607,A_30,"change in total cholesterol, baseline to 24 mo",timing_reqt,No,No,0.05795999999999999
608,A_30,"change in total cholesterol, baseline to 24 mo",prosociality,No,Unclear,0.052649999999999995
609,A_30,"change in total cholesterol, baseline to 24 mo",delay,Yes,Yes,0.04482
610,A_30,"change in total cholesterol, baseline to 24 mo",authority,No,Unclear,0.0243
611,A_30,"change in triglycerides, baseline to 12 mo",behavior_priority,secondary,none,0.06251999999999999
612,A_30,"change in triglycerides, baseline to 12 mo",behavior_focal,not,Behavior 1 (Did the participant get a first shot of a COVID-19 vaccine within the first month after the vaccine became available to him/her?)/focal,0.06695999999999999
613,A_30,"change in triglycerides, baseline to 12 mo",behavior_focal_estimate,Exact,Estimate,0.04089
614,A_30,"change in triglycerides, baseline to 12 mo",behavior_metric,continuous,continuous,0.06159
615,A_30,"change in triglycerides, baseline to 12 mo",behavior_selfreport,N,N,0.044879999999999996
616,A_30,"change in triglycerides, baseline to 12 mo",financial_reqt,No,Unclear,0.03558
617,A_30,"change in triglycerides, baseline to 12 mo",travel_reqt,No,No,0.021419999999999998
618,A_30,"change in triglycerides, baseline to 12 mo",planning_reqt,No,Unclear,0.04206
619,A_30,"change in triglycerides, baseline to 12 mo",location_reqt,No,Unclear,0.020969999999999996
620,A_30,"change in triglycerides, baseline to 12 mo",timing_reqt,No,No,0.05799
621,A_30,"change in triglycerides, baseline to 12 mo",prosociality,No,Unclear,0.05268
622,A_30,"change in triglycerides, baseline to 12 mo",delay,Yes,Yes,0.04485
623,A_30,"change in triglycerides, baseline to 12 mo",authority,No,Unclear,0.02433
624,A_30,"change in triglycerides, baseline to 24 mo",behavior_priority,secondary,none,0.06251999999999999
625,A_30,"change in triglycerides, baseline to 24 mo",behavior_focal,not,Behavior 1 (Did the participant get a first shot of a COVID-19 vaccine within the first month after the vaccine became available to him/her?)/focal,0.06695999999999999
626,A_30,"change in triglycerides, baseline to 24 mo",behavior_focal_estimate,Exact,Estimate,0.04089
627,A_30,"change in triglycerides, baseline to 24 mo",behavior_metric,continuous,continuous,0.06159
628,A_30,"change in triglycerides, baseline to 24 mo",behavior_selfreport,N,N,0.044879999999999996
629,A_30,"change in triglycerides, baseline to 24 mo",financial_reqt,No,No,0.035519999999999996
630,A_30,"change in triglycerides, baseline to 24 mo",travel_reqt,No,No,0.021419999999999998
631,A_30,"change in triglycerides, baseline to 24 mo",planning_reqt,No,Unclear,0.04206
632,A_30,"change in triglycerides, baseline to 24 mo",location_reqt,No,Unclear,0.020969999999999996
633,A_30,"change in triglycerides, baseline to 24 mo",timing_reqt,No,No,0.05799
634,A_30,"change in triglycerides, baseline to 24 mo",prosociality,No,Unclear,0.05268
635,A_30,"change in triglycerides, baseline to 24 mo",delay,Yes,Yes,0.04485
636,A_30,"change in triglycerides, baseline to 24 mo",authority,No,Unclear,0.02433
637,A_30,"change in waist circumference, baseline to 12 mo",behavior_priority,secondary,none,0.06249
638,A_30,"change in waist circumference, baseline to 12 mo",behavior_focal,not,"Behavior 1 (Did the participant get a first shot of a COVID-19 vaccine within the first month after the vaccine became available to him/her?), focal",0.06681
639,A_30,"change in waist circumference, baseline to 12 mo",behavior_focal_estimate,Exact,Estimate,0.04086
640,A_30,"change in waist circumference, baseline to 12 mo",behavior_metric,continuous,continuous,0.06155999999999999
641,A_30,"change in waist circumference, baseline to 12 mo",behavior_selfreport,N,N,0.04485
642,A_30,"change in waist circumference, baseline to 12 mo",financial_reqt,No,Unclear,0.035550000000000005
643,A_30,"change in waist circumference, baseline to 12 mo",travel_reqt,No,No,0.02139
644,A_30,"change in waist circumference, baseline to 12 mo",planning_reqt,No,Unclear,0.04203
645,A_30,"change in waist circumference, baseline to 12 mo",location_reqt,No,Unclear,0.020939999999999997
646,A_30,"change in waist circumference, baseline to 12 mo",timing_reqt,No,No,0.05795999999999999
647,A_30,"change in waist circumference, baseline to 12 mo",prosociality,No,Unclear,0.052649999999999995
648,A_30,"change in waist circumference, baseline to 12 mo",delay,Yes,Yes,0.04482
649,A_30,"change in waist circumference, baseline to 12 mo",authority,No,No,0.02424
650,A_30,"change in waist circumference, baseline to 24 mo",behavior_priority,secondary,none,0.06249
651,A_30,"change in waist circumference, baseline to 24 mo",behavior_focal,not,Behavior 1 (Did the participant get a first shot of a COVID-19 vaccine within the first month after the vaccine became available to him/her?)/focal,0.06692999999999999
652,A_30,"change in waist circumference, baseline to 24 mo",behavior_focal_estimate,Exact,Estimate,0.04086
653,A_30,"change in waist circumference, baseline to 24 mo",behavior_metric,continuous,continuous,0.06155999999999999
654,A_30,"change in waist circumference, baseline to 24 mo",behavior_selfreport,N,N,0.04485
655,A_30,"change in waist circumference, baseline to 24 mo",financial_reqt,No,Unclear,0.035550000000000005
656,A_30,"change in waist circumference, baseline to 24 mo",travel_reqt,No,No,0.02139
657,A_30,"change in waist circumference, baseline to 24 mo",planning_reqt,No,Unclear,0.04203
658,A_30,"change in waist circumference, baseline to 24 mo",location_reqt,No,Unclear,0.020939999999999997
659,A_30,"change in waist circumference, baseline to 24 mo",timing_reqt,No,No,0.05795999999999999
660,A_30,"change in waist circumference, baseline to 24 mo",prosociality,No,Unclear,0.052649999999999995
661,A_30,"change in waist circumference, baseline to 24 mo",delay,Yes,Yes,0.04482
662,A_30,"change in waist circumference, baseline to 24 mo",authority,No,No,0.02424
663,A_30,"change in weight, baseline to 12 mo",behavior_priority,primary,none,0.062459999999999995
664,A_30,"change in weight, baseline to 12 mo",behavior_focal,focal,Behavior 1 (Did the participant get a first shot of a COVID-19 vaccine within the first month after the vaccine became available to him/her?)/focal,0.0669
665,A_30,"change in weight, baseline to 12 mo",behavior_focal_estimate,Exact,Estimate,0.04083
666,A_30,"change in weight, baseline to 12 mo",behavior_metric,continuous,continuous,0.061529999999999994
667,A_30,"change in weight, baseline to 12 mo",behavior_selfreport,N,N,0.04482
668,A_30,"change in weight, baseline to 12 mo",financial_reqt,No,No,0.03545999999999999
669,A_30,"change in weight, baseline to 12 mo",travel_reqt,No,No,0.02136
670,A_30,"change in weight, baseline to 12 mo",planning_reqt,No,Unclear,0.041999999999999996
671,A_30,"change in weight, baseline to 12 mo",location_reqt,No,No,0.020849999999999997
672,A_30,"change in weight, baseline to 12 mo",timing_reqt,No,No,0.057929999999999995
673,A_30,"change in weight, baseline to 12 mo",prosociality,No,Unclear,0.05262
674,A_30,"change in weight, baseline to 12 mo",delay,Yes,Yes,0.044789999999999996
675,A_30,"change in weight, baseline to 12 mo",authority,No,No,0.024210000000000002
676,A_30,"change in weight, baseline to 24 mo",behavior_priority,primary,none,0.062459999999999995
677,A_30,"change in weight, baseline to 24 mo",behavior_focal,not,"Behavior 1 (Did the participant get a first shot of a COVID-19 vaccine within the first month after the vaccine became available to him/her?), focal",0.06678
678,A_30,"change in weight, baseline to 24 mo",behavior_focal_estimate,Exact,Estimate,0.04083
679,A_30,"change in weight, baseline to 24 mo",behavior_metric,continuous,continuous,0.061529999999999994
680,A_30,"change in weight, baseline to 24 mo",behavior_selfreport,N,N,0.04482
681,A_30,"change in weight, baseline to 24 mo",financial_reqt,No,Unclear,0.035519999999999996
682,A_30,"change in weight, baseline to 24 mo",travel_reqt,No,No,0.02136
683,A_30,"change in weight, baseline to 24 mo",planning_reqt,No,No,0.04193999999999999
684,A_30,"change in weight, baseline to 24 mo",location_reqt,No,Unclear,0.020909999999999995
685,A_30,"change in weight, baseline to 24 mo",timing_reqt,No,No,0.057929999999999995
686,A_30,"change in weight, baseline to 24 mo",prosociality,No,Yes,0.052559999999999996
687,A_30,"change in weight, baseline to 24 mo",delay,Yes,Yes,0.044789999999999996
688,A_30,"change in weight, baseline to 24 mo",authority,No,No,0.024210000000000002
